Category,Total Sweeps,Bullish,Bearish,Avg Quality Score
NO MIDAS,1546,514,1032,56.627453108556246
WITH MIDAS,478,28,450,55.27068070504346
